Juan-Topo-Atizapan-55000001-juantopo@gmail.com
Fulano-Perez-Cuatitlan-55000002-fulano99@gmail.com
Chan-Roriguez-Ecatepec-55000003-chan94@gmail.com
Diego-Marquez-Bosques del Lago-55000004-princess94@gmail.com
Diego-Garcia-Arboledas-55000005-pinki@gmail.com
Eduardo-Lugo-Satelite-55000006-edyluro@gmail.com
Carlos-Quin-Azcapotzalco-55000007-laquin@gmail.com
Saul-Damaris-Chiluca-55000008-princesita@gmail.com
Jose-Sanchez-Tepito-55000009-josesan@gmail.com
Pancrasio-Suarez-Queretaro-55000010-pancras@gmail.com
Bruce-Wayn-Ciudad Gotica-50515253-imbatman@gmail.com
Peter-Parker-Nueva York-60616263-aracnido@gmail.com
Tony-Stark-California-70717273-ironman@gmail.com
Jacob-Resendiz-Cuatitlan-55000090-joacobr@gmail.com
Bob Esponja-Pantalones Cuadrados-Fondo de Bikini-100101102-squarepants@gmail.com
Patricio-Estrella-Fondo de Bikini-201202203-patrickstar@gmail.com
Arenita-Mejillas-Fondo de Bikini-301302303-sandy@gmail.com
Calamardo-Tentaculos-Fondo de Bikini-401402403-calamardo@gmail.com
Piccolo-Daimaku-Planeta Namekusei-674324327-imgreen@gmail.com
Michael-Jackson-Neverland-54314097342-i<3children@gmail.com